ImageId_ClassId,EncodedPixels
0000f269f.jpg_1,1 409600
0000f269f.jpg_2,
0000f269f.jpg_3,1 409600
0000f269f.jpg_4,1 409600
000ccc2ac.jpg_1,1 409600
000ccc2ac.jpg_2,
000ccc2ac.jpg_3,1 409600
000ccc2ac.jpg_4,1 409600
002451917.jpg_1,1 409600
002451917.jpg_2,
002451917.jpg_3,1 409600
002451917.jpg_4,1 409600
003c5da97.jpg_1,1 409600
003c5da97.jpg_2,
003c5da97.jpg_3,1 409600
003c5da97.jpg_4,1 409600
0042e163f.jpg_1,1 409600
0042e163f.jpg_2,
0042e163f.jpg_3,1 409600
0042e163f.jpg_4,1 409600
004f40c73.jpg_1,1 409600
004f40c73.jpg_2,
004f40c73.jpg_3,1 409600
004f40c73.jpg_4,1 409600
00513039a.jpg_1,1 409600
00513039a.jpg_2,
00513039a.jpg_3,1 409600
00513039a.jpg_4,1 409600
006f39c41.jpg_1,1 409600
006f39c41.jpg_2,
006f39c41.jpg_3,1 409600
006f39c41.jpg_4,1 409600
008725cbc.jpg_1,1 409600
008725cbc.jpg_2,
008725cbc.jpg_3,1 409600
008725cbc.jpg_4,1 409600
0098ca44e.jpg_1,1 409600
0098ca44e.jpg_2,
0098ca44e.jpg_3,1 409600
0098ca44e.jpg_4,1 409600
00a0b7730.jpg_1,1 409600
00a0b7730.jpg_2,
00a0b7730.jpg_3,1 409600
00a0b7730.jpg_4,1 409600
00a0f9949.jpg_1,1 409600
00a0f9949.jpg_2,
00a0f9949.jpg_3,1 409600
00a0f9949.jpg_4,1 409600
00b000b81.jpg_1,1 409600
00b000b81.jpg_2,
00b000b81.jpg_3,1 409600
00b000b81.jpg_4,1 409600
00b7fb703.jpg_1,1 409600
00b7fb703.jpg_2,
00b7fb703.jpg_3,1 409600
00b7fb703.jpg_4,1 409600
00bbcd9af.jpg_1,1 409600
00bbcd9af.jpg_2,
00bbcd9af.jpg_3,1 409600
00bbcd9af.jpg_4,1 409600
00d72c660.jpg_1,1 409600
00d72c660.jpg_2,
00d72c660.jpg_3,1 409600
00d72c660.jpg_4,1 409600
00df5b714.jpg_1,1 409600
00df5b714.jpg_2,
00df5b714.jpg_3,1 409600
00df5b714.jpg_4,1 409600
00f3799a7.jpg_1,1 409600
00f3799a7.jpg_2,
00f3799a7.jpg_3,1 409600
00f3799a7.jpg_4,1 409600
0108ce457.jpg_1,1 409600
0108ce457.jpg_2,
0108ce457.jpg_3,1 409600
0108ce457.jpg_4,1 409600
0109b68ec.jpg_1,1 409600
0109b68ec.jpg_2,
0109b68ec.jpg_3,1 409600
0109b68ec.jpg_4,1 409600
010ec96b4.jpg_1,1 409600
010ec96b4.jpg_2,
010ec96b4.jpg_3,1 409600
010ec96b4.jpg_4,1 409600
011a7e2a9.jpg_1,1 409600
011a7e2a9.jpg_2,
011a7e2a9.jpg_3,1 409600
011a7e2a9.jpg_4,1 409600
0126f74ef.jpg_1,1 409600
0126f74ef.jpg_2,
0126f74ef.jpg_3,1 409600
0126f74ef.jpg_4,1 409600
012754bbb.jpg_1,1 409600
012754bbb.jpg_2,
012754bbb.jpg_3,1 409600
012754bbb.jpg_4,1 409600
01588ee42.jpg_1,1 409600
01588ee42.jpg_2,
01588ee42.jpg_3,1 409600
01588ee42.jpg_4,1 409600
015be539e.jpg_1,1 409600
015be539e.jpg_2,
015be539e.jpg_3,1 409600
015be539e.jpg_4,1 409600
017796c88.jpg_1,1 409600
017796c88.jpg_2,
017796c88.jpg_3,1 409600
017796c88.jpg_4,1 409600
017bd7ce3.jpg_1,1 409600
017bd7ce3.jpg_2,
017bd7ce3.jpg_3,1 409600
017bd7ce3.jpg_4,1 409600
018d7b0a1.jpg_1,1 409600
018d7b0a1.jpg_2,
018d7b0a1.jpg_3,1 409600
018d7b0a1.jpg_4,1 409600
019258298.jpg_1,1 409600
019258298.jpg_2,
019258298.jpg_3,1 409600
019258298.jpg_4,1 409600
0197bb47e.jpg_1,1 409600
0197bb47e.jpg_2,
0197bb47e.jpg_3,1 409600
0197bb47e.jpg_4,1 409600
01b17e176.jpg_1,1 409600
01b17e176.jpg_2,
01b17e176.jpg_3,1 409600
01b17e176.jpg_4,1 409600
01b2163b7.jpg_1,1 409600
01b2163b7.jpg_2,
01b2163b7.jpg_3,1 409600
01b2163b7.jpg_4,1 409600
01b47d973.jpg_1,1 409600
01b47d973.jpg_2,
01b47d973.jpg_3,1 409600
01b47d973.jpg_4,1 409600
01b50837f.jpg_1,1 409600
01b50837f.jpg_2,
01b50837f.jpg_3,1 409600
01b50837f.jpg_4,1 409600
01cc31534.jpg_1,1 409600
01cc31534.jpg_2,
01cc31534.jpg_3,1 409600
01cc31534.jpg_4,1 409600
01d3e8fcb.jpg_1,1 409600
01d3e8fcb.jpg_2,
01d3e8fcb.jpg_3,1 409600
01d3e8fcb.jpg_4,1 409600
01d49cd47.jpg_1,1 409600
01d49cd47.jpg_2,
01d49cd47.jpg_3,1 409600
01d49cd47.jpg_4,1 409600
01db22c17.jpg_1,1 409600
01db22c17.jpg_2,
01db22c17.jpg_3,1 409600
01db22c17.jpg_4,1 409600
01e640f20.jpg_1,1 409600
01e640f20.jpg_2,
01e640f20.jpg_3,1 409600
01e640f20.jpg_4,1 409600
020ffb2d3.jpg_1,1 409600
020ffb2d3.jpg_2,
020ffb2d3.jpg_3,1 409600
020ffb2d3.jpg_4,1 409600
021656fe0.jpg_1,1 409600
021656fe0.jpg_2,
021656fe0.jpg_3,1 409600
021656fe0.jpg_4,1 409600
02217a5cc.jpg_1,1 409600
02217a5cc.jpg_2,
02217a5cc.jpg_3,1 409600
02217a5cc.jpg_4,1 409600
0224561d0.jpg_1,1 409600
0224561d0.jpg_2,
0224561d0.jpg_3,1 409600
0224561d0.jpg_4,1 409600
0241cf678.jpg_1,1 409600
0241cf678.jpg_2,
0241cf678.jpg_3,1 409600
0241cf678.jpg_4,1 409600
0246ad619.jpg_1,1 409600
0246ad619.jpg_2,
0246ad619.jpg_3,1 409600
0246ad619.jpg_4,1 409600
02538bec6.jpg_1,1 409600
02538bec6.jpg_2,
02538bec6.jpg_3,1 409600
02538bec6.jpg_4,1 409600
02662fd2f.jpg_1,1 409600
02662fd2f.jpg_2,
02662fd2f.jpg_3,1 409600
02662fd2f.jpg_4,1 409600
0280c72a9.jpg_1,1 409600
0280c72a9.jpg_2,
0280c72a9.jpg_3,1 409600
0280c72a9.jpg_4,1 409600
028aca84a.jpg_1,1 409600
028aca84a.jpg_2,
028aca84a.jpg_3,1 409600
028aca84a.jpg_4,1 409600
